{
    "Camera Distance": 0.49999988079071045,
    "Camera Move Speed": 0.20000000298023224,
    "Camera Pitch": 29.25,
    "Camera Position": [
        0.03840000927448273,
        0.09280003607273102,
        -0.03200000151991844
    ],
    "Camera Scroll Speed": 0.10000000149011612,
    "Camera Turn Speed": 0.25,
    "Camera Up": [
        0.0,
        1.0,
        0.0
    ],
    "Camera Yaw": 77.0,
    "Contious Path Sampling": false,
    "Envmap": 1,
    "Falloff": false,
    "Fixed Seed": false,
    "Image Resolution": [
        64,
        16,
        256
    ],
    "MSE : %.8f E-3": 101.8907699584961,
    "Max bounces": [
        6,
        1,
        16
    ],
    "Medium Albedo B": 1.0,
    "Medium Albedo G": 1.0,
    "Medium Albedo R": 1.0,
    "Medium Rotation Y Axis": [
        -1.0,
        -1.0,
        360.0
    ],
    "Medium Scale": [
        0.15299999713897705,
        0.05000000074505806,
        1.0
    ],
    "Medium X": [
        -0.8259999752044678,
        -1.0,
        1.0
    ],
    "Medium Xray Line Segments": true,
    "Medium Y": [
        -1.0,
        -1.0,
        1.0
    ],
    "Medium Z": [
        -0.7829999923706055,
        -1.0,
        1.0
    ],
    "Min pin bounce": [
        0,
        0,
        16
    ],
    "Model": 0,
    "Path Sampling Event": true,
    "Pin Cursor X": 0.5,
    "Pin Cursor Y": 0.5,
    "Pin Cursor Z": 0.5,
    "Pin Cursor phi": [
        0.0,
        0.0,
        3.1415927410125732
    ],
    "Pin Cursor theta": [
        0.0,
        0.0,
        6.2831854820251465
    ],
    "Pin count": [
        10000,
        1000,
        100000
    ],
    "Pin grid size": [
        16,
        4,
        32
    ],
    "Pin sample location": 0.0,
    "Pins per grid cell": [
        64,
        1,
        128
    ],
    "Raymarche step size": [
        0.0949999988079071,
        0.05000000074505806,
        0.30000001192092896
    ],
    "Save Config": true,
    "Screen Cursor Enable": true,
    "Screen Cursor Pos": [
        747.0,
        237.0,
        0.0
    ],
    "Seed": [
        0,
        0,
        1000
    ],
    "Select Config": 1,
    "Timing left : %.8f ms": 8.344575881958008,
    "Timing right : %.8f ms": 15.31494426727295,
    "Transmittance Value Count": [
        10,
        1,
        20
    ],
    "frequency 0": 0.07900000363588333,
    "frequency 1": 0.5,
    "scale 0": 0.4749999940395355,
    "scale 1": 0.0
}
