{
    "Camera Distance": 0.6999999284744263,
    "Camera Move Speed": 0.20000000298023224,
    "Camera Pitch": 7.2499918937683105,
    "Camera Position": [
        -0.006188751198351383,
        -0.017230743542313576,
        -0.013775474391877651
    ],
    "Camera Scroll Speed": 0.10000000149011612,
    "Camera Turn Speed": 0.25,
    "Camera Up": [
        0.0,
        1.0,
        0.0
    ],
    "Camera Yaw": 103.0,
    "Contious Path Sampling": false,
    "Envmap": 1,
    "Falloff": false,
    "Fixed Seed": false,
    "Image Resolution": [
        64,
        16,
        256
    ],
    "MSE : %.8f E-3": 7.003979682922363,
    "Max bounces": [
        6,
        1,
        16
    ],
    "Medium Albedo B": 1.0,
    "Medium Albedo G": 1.0,
    "Medium Albedo R": 1.0,
    "Medium Rotation Y Axis": [
        0.0,
        0.0,
        360.0
    ],
    "Medium Scale": [
        0.2759999930858612,
        0.05000000074505806,
        1.0
    ],
    "Medium X": [
        -0.1289999932050705,
        -1.0,
        1.0
    ],
    "Medium Xray Line Segments": true,
    "Medium Y": [
        -0.8220000267028809,
        -1.0,
        1.0
    ],
    "Medium Z": [
        -1.0,
        -1.0,
        1.0
    ],
    "Min pin bounce": [
        0,
        0,
        16
    ],
    "Model": 0,
    "Path Sampling Event": false,
    "Pin Cursor X": 0.5,
    "Pin Cursor Y": 0.5,
    "Pin Cursor Z": 0.5,
    "Pin Cursor phi": [
        0.0,
        0.0,
        3.1415927410125732
    ],
    "Pin Cursor theta": [
        0.0,
        0.0,
        6.2831854820251465
    ],
    "Pin count": [
        10000,
        1000,
        100000
    ],
    "Pin grid size": [
        16,
        4,
        32
    ],
    "Pin sample location": 0.0,
    "Pins per grid cell": [
        64,
        1,
        128
    ],
    "Raymarche step size": [
        0.0949999988079071,
        0.05000000074505806,
        0.30000001192092896
    ],
    "Screen Cursor Enable": true,
    "Screen Cursor Pos": [
        1079.0,
        596.0,
        0.0
    ],
    "Seed": [
        0,
        0,
        1000
    ],
    "Timing left : %.8f ms": 19.004831314086914,
    "Timing right : %.8f ms": 34.17222213745117,
    "Transmittance Value Count": [
        10,
        1,
        20
    ],
    "frequency 0": 0.07900000363588333,
    "frequency 1": 0.5,
    "scale 0": 0.4749999940395355,
    "scale 1": 0.0
}
